-- phpMyAdmin SQL Dump
-- version 4.9.4
-- https://www.phpmyadmin.net/
--
-- Хост: localhost
-- Время создания: Ноя 15 2020 г., 15:28
-- Версия сервера: 5.6.43-84.3-log
-- Версия PHP: 5.6.40

SET SQL_MODE = "NO_AUTO_VALUE_ON_ZERO";
SET AUTOCOMMIT = 0;
START TRANSACTION;
SET time_zone = "+00:00";


/*!40101 SET @OLD_CHARACTER_SET_CLIENT=@@CHARACTER_SET_CLIENT */;
/*!40101 SET @OLD_CHARACTER_SET_RESULTS=@@CHARACTER_SET_RESULTS */;
/*!40101 SET @OLD_COLLATION_CONNECTION=@@COLLATION_CONNECTION */;
/*!40101 SET NAMES utf8mb4 */;

--
-- База данных: `beavisabra`
--

-- --------------------------------------------------------

--
-- Структура таблицы `Cities`
--

CREATE TABLE `Cities` (
  `Id` int(11) NOT NULL,
  `Name` varchar(100) NOT NULL,
  `Country` varchar(60) NOT NULL,
  `Region` varchar(60) NOT NULL
) ENGINE=InnoDB DEFAULT CHARSET=utf8;

--
-- Дамп данных таблицы `Cities`
--

INSERT INTO `Cities` (`Id`, `Name`, `Country`, `Region`) VALUES
(1, 'Ульяновск', 'Россия', 'Ульяновская область'),
(2, 'Сызрань', 'Россия', 'Самарская область'),
(3, 'Димитровград', 'Россия', 'Ульяновская область'),
(4, 'Саратов', 'Россия', 'Саратовская область'),
(5, 'Рузаевка', 'Россия', 'Мордовия'),
(6, 'Москва', 'Россия', 'Москва'),
(7, 'Казань', 'Россия', 'Татарстан'),
(8, 'Екатеринбург', 'Россия', 'Свердловская область'),
(9, 'Тюмень', 'Россия', 'Тюменская область'),
(10, 'Сарапул', 'Россия', 'Удмуртия');

-- --------------------------------------------------------

--
-- Структура таблицы `Orders`
--

CREATE TABLE `Orders` (
  `Id` int(11) NOT NULL,
  `Login` varchar(30) NOT NULL,
  `RunId` int(11) NOT NULL,
  `Wagon` int(11) NOT NULL,
  `Place` int(11) NOT NULL,
  `CityFrom` int(11) NOT NULL,
  `CityTo` int(11) NOT NULL,
  `Status` varchar(30) NOT NULL
) ENGINE=InnoDB DEFAULT CHARSET=utf8;

--
-- Дамп данных таблицы `Orders`
--

INSERT INTO `Orders` (`Id`, `Login`, `RunId`, `Wagon`, `Place`, `CityFrom`, `CityTo`, `Status`) VALUES
(2, 'Mikhail', 7, 0, 9, 7, 8, ''),
(3, 'Mikhail', 7, 0, 5, 7, 8, ''),
(4, 'Mikhail', 7, 0, 2, 1, 8, ''),
(5, 'Mikhail', 7, 0, 3, 7, 8, ''),
(6, 'Mikhail', 29, 0, 2, 1, 4, ''),
(7, 'Mikhail', 35, 0, 2, 1, 4, ''),
(8, 'Mikhail', 42, 0, 6, 1, 7, ''),
(9, 'Mikhail', 47, 0, 2, 1, 2, ''),
(10, 'Alex', 7, 0, 8, 1, 8, ''),
(11, 'Mikhail', 29, 0, 3, 2, 4, ''),
(12, 'Mikhail', 58, 0, 2, 1, 2, ''),
(13, 'Mikhail', 61, 0, 2, 1, 4, ''),
(14, 'Admin', 61, 0, 3, 1, 2, ''),
(15, 'Admin', 61, 0, 1, 7, 1, ''),
(16, 'Admin', 70, 0, 2, 1, 7, ''),
(17, 'Mikki', 78, 0, 8, 10, 8, ''),
(18, 'Admin', 88, 0, 3, 1, 10, ''),
(19, 'Admin', 55, 0, 2, 1, 2, ''),
(20, 'Admin', 69, 0, 3, 3, 1, ''),
(21, 'Admin', 131, 0, 8, 5, 10, '');

-- --------------------------------------------------------

--
-- Структура таблицы `Routes`
--

CREATE TABLE `Routes` (
  `TrainId` int(11) NOT NULL,
  `City` int(11) NOT NULL,
  `TimeStart` time NOT NULL,
  `TimeFinish` time NOT NULL
) ENGINE=InnoDB DEFAULT CHARSET=utf8;

--
-- Дамп данных таблицы `Routes`
--

INSERT INTO `Routes` (`TrainId`, `City`, `TimeStart`, `TimeFinish`) VALUES
(6, 3, '00:20:00', '00:20:00'),
(6, 1, '02:00:00', '02:00:00'),
(6, 5, '04:00:00', '04:00:00'),
(6, 6, '18:00:00', '18:00:00'),
(7, 1, '00:20:00', '00:20:00'),
(7, 7, '02:00:00', '02:00:00'),
(7, 10, '04:00:00', '04:00:00'),
(7, 8, '18:00:00', '18:00:00'),
(1, 1, '01:00:00', '01:00:00'),
(1, 2, '03:00:00', '03:00:00'),
(1, 4, '08:00:00', '08:00:00'),
(1, 7, '00:00:00', '00:00:00'),
(2, 4, '00:00:00', '00:00:00'),
(2, 2, '04:40:00', '04:40:00'),
(2, 1, '08:20:00', '08:20:00'),
(8, 8, '00:00:00', '00:00:00'),
(8, 10, '03:20:00', '03:20:00'),
(8, 7, '07:40:00', '07:40:00'),
(8, 1, '11:00:00', '11:00:00'),
(8, 2, '14:40:00', '14:40:00'),
(8, 4, '19:00:00', '19:00:00'),
(9, 6, '00:00:00', '00:00:00'),
(9, 5, '11:00:00', '11:00:00'),
(9, 1, '13:00:00', '13:00:00'),
(9, 7, '16:00:00', '16:00:00'),
(9, 10, '18:00:00', '18:00:00'),
(9, 8, '20:00:00', '20:00:00'),
(9, 9, '23:55:00', '23:55:00'),
(5, 10, '22:38:10', '22:38:10'),
(5, 3, '22:38:10', '22:38:10'),
(5, 1, '22:38:10', '22:38:10'),
(5, 5, '22:38:10', '22:38:10'),
(5, 6, '22:38:10', '22:38:10');

-- --------------------------------------------------------

--
-- Структура таблицы `Runs`
--

CREATE TABLE `Runs` (
  `Id` int(11) NOT NULL,
  `TrainId` int(11) NOT NULL,
  `DT` datetime NOT NULL
) ENGINE=InnoDB DEFAULT CHARSET=utf8;

--
-- Дамп данных таблицы `Runs`
--

INSERT INTO `Runs` (`Id`, `TrainId`, `DT`) VALUES
(1, 1, '2020-10-14 00:00:00'),
(2, 2, '2020-10-14 00:00:00'),
(3, 2, '2020-10-20 20:00:00'),
(4, 5, '2020-10-20 20:00:00'),
(6, 1, '2020-10-26 00:00:00'),
(7, 7, '2020-10-26 00:00:00'),
(8, 6, '2020-10-26 00:00:00'),
(27, 1, '2020-10-31 00:00:00'),
(28, 2, '2020-10-31 00:00:00'),
(29, 1, '2020-11-01 00:00:00'),
(30, 2, '2020-11-01 00:00:00'),
(31, 1, '2020-11-02 00:00:00'),
(32, 2, '2020-11-02 00:00:00'),
(33, 5, '2020-11-02 00:00:00'),
(34, 7, '2020-11-02 00:00:00'),
(35, 1, '2020-11-03 00:00:00'),
(36, 2, '2020-11-03 00:00:00'),
(37, 1, '2020-11-04 00:00:00'),
(38, 2, '2020-11-04 00:00:00'),
(39, 6, '2020-11-04 00:00:00'),
(40, 1, '2020-11-05 00:00:00'),
(41, 2, '2020-11-05 00:00:00'),
(42, 7, '2020-11-05 00:00:00'),
(45, 1, '2020-11-07 00:00:00'),
(46, 2, '2020-11-07 00:00:00'),
(47, 1, '2020-11-06 00:00:00'),
(48, 2, '2020-11-06 00:00:00'),
(49, 1, '2020-11-09 00:00:00'),
(50, 2, '2020-11-09 00:00:00'),
(51, 5, '2020-11-09 00:00:00'),
(52, 7, '2020-11-09 00:00:00'),
(53, 1, '2020-11-10 00:00:00'),
(54, 2, '2020-11-10 00:00:00'),
(55, 1, '2020-11-11 00:00:00'),
(56, 2, '2020-11-11 00:00:00'),
(57, 6, '2020-11-11 00:00:00'),
(58, 1, '2020-11-12 00:00:00'),
(59, 2, '2020-11-12 00:00:00'),
(60, 7, '2020-11-12 00:00:00'),
(61, 1, '2020-11-13 00:00:00'),
(62, 2, '2020-11-13 00:00:00'),
(63, 1, '2020-11-14 00:00:00'),
(64, 2, '2020-11-14 00:00:00'),
(65, 1, '2020-11-15 00:00:00'),
(66, 2, '2020-11-15 00:00:00'),
(67, 1, '2020-11-16 00:00:00'),
(68, 2, '2020-11-16 00:00:00'),
(69, 5, '2020-11-16 00:00:00'),
(70, 7, '2020-11-16 00:00:00'),
(71, 1, '2020-11-17 00:00:00'),
(72, 2, '2020-11-17 00:00:00'),
(73, 1, '2020-11-18 00:00:00'),
(74, 2, '2020-11-18 00:00:00'),
(75, 6, '2020-11-18 00:00:00'),
(76, 1, '2020-11-19 00:00:00'),
(77, 2, '2020-11-19 00:00:00'),
(78, 7, '2020-11-19 00:00:00'),
(79, 1, '2020-11-20 00:00:00'),
(80, 2, '2020-11-20 00:00:00'),
(81, 1, '2020-11-21 00:00:00'),
(82, 2, '2020-11-21 00:00:00'),
(83, 1, '2020-11-22 00:00:00'),
(84, 2, '2020-11-22 00:00:00'),
(85, 1, '2020-11-23 00:00:00'),
(86, 2, '2020-11-23 00:00:00'),
(87, 5, '2020-11-23 00:00:00'),
(88, 7, '2020-11-23 00:00:00'),
(89, 1, '2020-11-24 00:00:00'),
(90, 2, '2020-11-24 00:00:00'),
(91, 1, '2020-11-25 00:00:00'),
(92, 2, '2020-11-25 00:00:00'),
(93, 6, '2020-11-25 00:00:00'),
(94, 1, '2020-11-26 00:00:00'),
(95, 2, '2020-11-26 00:00:00'),
(96, 7, '2020-11-26 00:00:00'),
(97, 1, '2020-11-27 00:00:00'),
(98, 2, '2020-11-27 00:00:00'),
(99, 1, '2020-11-28 00:00:00'),
(100, 2, '2020-11-28 00:00:00'),
(101, 1, '2020-11-29 00:00:00'),
(102, 2, '2020-11-29 00:00:00'),
(103, 1, '2020-11-30 00:00:00'),
(104, 2, '2020-11-30 00:00:00'),
(105, 5, '2020-11-30 00:00:00'),
(106, 7, '2020-11-30 00:00:00'),
(107, 1, '2020-12-01 00:00:00'),
(108, 2, '2020-12-01 00:00:00'),
(109, 1, '2020-12-02 00:00:00'),
(110, 2, '2020-12-02 00:00:00'),
(111, 6, '2020-12-02 00:00:00'),
(112, 1, '2020-12-03 00:00:00'),
(113, 2, '2020-12-03 00:00:00'),
(114, 7, '2020-12-03 00:00:00'),
(115, 1, '2020-12-04 00:00:00'),
(116, 2, '2020-12-04 00:00:00'),
(117, 1, '2020-12-05 00:00:00'),
(118, 2, '2020-12-05 00:00:00'),
(119, 1, '2020-11-14 00:00:00'),
(120, 2, '2020-11-14 00:00:00'),
(121, 9, '2020-11-14 00:00:00'),
(122, 1, '2020-11-15 00:00:00'),
(123, 2, '2020-11-15 00:00:00'),
(124, 1, '2020-11-16 00:00:00'),
(125, 2, '2020-11-16 00:00:00'),
(126, 5, '2020-11-16 00:00:00'),
(127, 7, '2020-11-16 00:00:00'),
(128, 1, '2020-11-17 00:00:00'),
(129, 2, '2020-11-17 00:00:00'),
(130, 8, '2020-11-17 00:00:00'),
(131, 9, '2020-11-17 00:00:00'),
(132, 1, '2020-11-18 00:00:00'),
(133, 2, '2020-11-18 00:00:00'),
(134, 6, '2020-11-18 00:00:00'),
(135, 8, '2020-11-18 00:00:00'),
(136, 1, '2020-11-19 00:00:00'),
(137, 2, '2020-11-19 00:00:00'),
(138, 7, '2020-11-19 00:00:00'),
(139, 9, '2020-11-19 00:00:00'),
(140, 1, '2020-11-20 00:00:00'),
(141, 2, '2020-11-20 00:00:00'),
(142, 8, '2020-11-20 00:00:00'),
(143, 1, '2020-11-21 00:00:00'),
(144, 2, '2020-11-21 00:00:00'),
(145, 9, '2020-11-21 00:00:00'),
(146, 1, '2020-11-22 00:00:00'),
(147, 2, '2020-11-22 00:00:00'),
(148, 1, '2020-11-23 00:00:00'),
(149, 2, '2020-11-23 00:00:00'),
(150, 5, '2020-11-23 00:00:00'),
(151, 7, '2020-11-23 00:00:00'),
(152, 1, '2020-11-24 00:00:00'),
(153, 2, '2020-11-24 00:00:00'),
(154, 8, '2020-11-24 00:00:00'),
(155, 9, '2020-11-24 00:00:00'),
(156, 1, '2020-11-25 00:00:00'),
(157, 2, '2020-11-25 00:00:00'),
(158, 6, '2020-11-25 00:00:00'),
(159, 8, '2020-11-25 00:00:00'),
(160, 1, '2020-11-26 00:00:00'),
(161, 2, '2020-11-26 00:00:00'),
(162, 7, '2020-11-26 00:00:00'),
(163, 9, '2020-11-26 00:00:00'),
(164, 1, '2020-11-27 00:00:00'),
(165, 2, '2020-11-27 00:00:00'),
(166, 8, '2020-11-27 00:00:00'),
(167, 1, '2020-11-28 00:00:00'),
(168, 2, '2020-11-28 00:00:00'),
(169, 9, '2020-11-28 00:00:00'),
(170, 1, '2020-11-29 00:00:00'),
(171, 2, '2020-11-29 00:00:00'),
(172, 1, '2020-11-30 00:00:00'),
(173, 2, '2020-11-30 00:00:00'),
(174, 5, '2020-11-30 00:00:00'),
(175, 7, '2020-11-30 00:00:00'),
(176, 1, '2020-12-01 00:00:00'),
(177, 2, '2020-12-01 00:00:00'),
(178, 8, '2020-12-01 00:00:00'),
(179, 9, '2020-12-01 00:00:00'),
(180, 1, '2020-12-02 00:00:00'),
(181, 2, '2020-12-02 00:00:00'),
(182, 6, '2020-12-02 00:00:00'),
(183, 8, '2020-12-02 00:00:00'),
(184, 1, '2020-12-03 00:00:00'),
(185, 2, '2020-12-03 00:00:00'),
(186, 7, '2020-12-03 00:00:00'),
(187, 9, '2020-12-03 00:00:00'),
(188, 1, '2020-12-04 00:00:00'),
(189, 2, '2020-12-04 00:00:00'),
(190, 8, '2020-12-04 00:00:00'),
(191, 1, '2020-12-05 00:00:00'),
(192, 2, '2020-12-05 00:00:00'),
(193, 9, '2020-12-05 00:00:00'),
(194, 1, '2020-12-06 00:00:00'),
(195, 2, '2020-12-06 00:00:00'),
(196, 1, '2020-12-07 00:00:00'),
(197, 2, '2020-12-07 00:00:00'),
(198, 5, '2020-12-07 00:00:00'),
(199, 7, '2020-12-07 00:00:00'),
(200, 1, '2020-12-08 00:00:00'),
(201, 2, '2020-12-08 00:00:00'),
(202, 8, '2020-12-08 00:00:00'),
(203, 9, '2020-12-08 00:00:00'),
(204, 1, '2020-12-09 00:00:00'),
(205, 2, '2020-12-09 00:00:00'),
(206, 6, '2020-12-09 00:00:00'),
(207, 8, '2020-12-09 00:00:00'),
(208, 1, '2020-12-10 00:00:00'),
(209, 2, '2020-12-10 00:00:00'),
(210, 7, '2020-12-10 00:00:00'),
(211, 9, '2020-12-10 00:00:00'),
(212, 1, '2020-12-11 00:00:00'),
(213, 2, '2020-12-11 00:00:00'),
(214, 8, '2020-12-11 00:00:00'),
(215, 1, '2020-12-12 00:00:00'),
(216, 2, '2020-12-12 00:00:00'),
(217, 9, '2020-12-12 00:00:00'),
(218, 1, '2020-12-13 00:00:00'),
(219, 2, '2020-12-13 00:00:00'),
(220, 1, '2020-12-14 00:00:00'),
(221, 2, '2020-12-14 00:00:00'),
(222, 5, '2020-12-14 00:00:00'),
(223, 7, '2020-12-14 00:00:00'),
(224, 1, '2020-12-15 00:00:00'),
(225, 2, '2020-12-15 00:00:00'),
(226, 8, '2020-12-15 00:00:00'),
(227, 9, '2020-12-15 00:00:00'),
(228, 1, '2020-12-16 00:00:00'),
(229, 2, '2020-12-16 00:00:00'),
(230, 6, '2020-12-16 00:00:00'),
(231, 8, '2020-12-16 00:00:00'),
(232, 1, '2020-12-17 00:00:00'),
(233, 2, '2020-12-17 00:00:00'),
(234, 7, '2020-12-17 00:00:00'),
(235, 9, '2020-12-17 00:00:00'),
(236, 1, '2020-12-18 00:00:00'),
(237, 2, '2020-12-18 00:00:00'),
(238, 8, '2020-12-18 00:00:00'),
(239, 1, '2020-12-19 00:00:00'),
(240, 2, '2020-12-19 00:00:00'),
(241, 9, '2020-12-19 00:00:00'),
(242, 1, '2020-12-20 00:00:00'),
(243, 2, '2020-12-20 00:00:00'),
(244, 1, '2020-12-21 00:00:00'),
(245, 2, '2020-12-21 00:00:00'),
(246, 5, '2020-12-21 00:00:00'),
(247, 7, '2020-12-21 00:00:00'),
(248, 1, '2020-12-22 00:00:00'),
(249, 2, '2020-12-22 00:00:00'),
(250, 8, '2020-12-22 00:00:00'),
(251, 9, '2020-12-22 00:00:00'),
(252, 1, '2020-12-23 00:00:00'),
(253, 2, '2020-12-23 00:00:00'),
(254, 6, '2020-12-23 00:00:00'),
(255, 8, '2020-12-23 00:00:00'),
(256, 1, '2020-12-24 00:00:00'),
(257, 2, '2020-12-24 00:00:00'),
(258, 7, '2020-12-24 00:00:00'),
(259, 9, '2020-12-24 00:00:00'),
(260, 1, '2020-12-25 00:00:00'),
(261, 2, '2020-12-25 00:00:00'),
(262, 8, '2020-12-25 00:00:00'),
(263, 1, '2020-12-26 00:00:00'),
(264, 2, '2020-12-26 00:00:00'),
(265, 9, '2020-12-26 00:00:00'),
(266, 1, '2020-12-27 00:00:00'),
(267, 2, '2020-12-27 00:00:00'),
(268, 1, '2020-12-28 00:00:00'),
(269, 2, '2020-12-28 00:00:00'),
(270, 5, '2020-12-28 00:00:00'),
(271, 7, '2020-12-28 00:00:00'),
(272, 1, '2020-12-29 00:00:00'),
(273, 2, '2020-12-29 00:00:00'),
(274, 8, '2020-12-29 00:00:00'),
(275, 9, '2020-12-29 00:00:00'),
(276, 1, '2020-12-30 00:00:00'),
(277, 2, '2020-12-30 00:00:00'),
(278, 6, '2020-12-30 00:00:00'),
(279, 8, '2020-12-30 00:00:00'),
(280, 1, '2020-12-31 00:00:00'),
(281, 2, '2020-12-31 00:00:00'),
(282, 7, '2020-12-31 00:00:00'),
(283, 9, '2020-12-31 00:00:00');

-- --------------------------------------------------------

--
-- Структура таблицы `Trains`
--

CREATE TABLE `Trains` (
  `Id` int(11) NOT NULL,
  `Name` varchar(10) NOT NULL,
  `CityFrom` int(11) NOT NULL,
  `CityTo` int(11) NOT NULL,
  `Days` varchar(30) NOT NULL,
  `Places` int(11) NOT NULL
) ENGINE=InnoDB DEFAULT CHARSET=utf8;

--
-- Дамп данных таблицы `Trains`
--

INSERT INTO `Trains` (`Id`, `Name`, `CityFrom`, `CityTo`, `Days`, `Places`) VALUES
(1, '100', 7, 4, '1, 2, 3, 4, 5, 6, 7', 3),
(2, '101', 4, 1, '1, 2, 3, 4, 5, 6, 7', 3),
(5, '145', 10, 6, '1, 2, 4', 5),
(6, '666', 3, 6, '3', 10),
(7, '333', 1, 8, '1, 4', 10),
(8, '645', 8, 4, '2, 3, 5', 8),
(9, '868', 6, 9, '2, 4, 6', 12);

-- --------------------------------------------------------

--
-- Структура таблицы `Users`
--

CREATE TABLE `Users` (
  `Login` varchar(30) NOT NULL,
  `Password` varchar(30) NOT NULL,
  `Name` varchar(60) NOT NULL
) ENGINE=InnoDB DEFAULT CHARSET=utf8;

--
-- Дамп данных таблицы `Users`
--

INSERT INTO `Users` (`Login`, `Password`, `Name`) VALUES
('Admin', '', 'Великий Администратор'),
('Alex', '', 'Александр Сергеевич П.'),
('Johnni', '1', 'Иванов Иван'),
('Mikhail', '', 'Иванов Михаил Петрович'),
('Mikki', '1', 'jksdhfkjsdhfs'),
('Sergio', 'Password', 'Сергей Сергеевич С.');

--
-- Индексы сохранённых таблиц
--

--
-- Индексы таблицы `Cities`
--
ALTER TABLE `Cities`
  ADD PRIMARY KEY (`Id`);

--
-- Индексы таблицы `Orders`
--
ALTER TABLE `Orders`
  ADD PRIMARY KEY (`Id`),
  ADD KEY `CityFrom` (`CityFrom`),
  ADD KEY `CityTo` (`CityTo`),
  ADD KEY `Login` (`Login`),
  ADD KEY `Orders_ibfk_4` (`RunId`);

--
-- Индексы таблицы `Routes`
--
ALTER TABLE `Routes`
  ADD KEY `City` (`City`),
  ADD KEY `Routes_ibfk_1` (`TrainId`);

--
-- Индексы таблицы `Runs`
--
ALTER TABLE `Runs`
  ADD PRIMARY KEY (`Id`),
  ADD KEY `TrainId` (`TrainId`);

--
-- Индексы таблицы `Trains`
--
ALTER TABLE `Trains`
  ADD PRIMARY KEY (`Id`),
  ADD UNIQUE KEY `Name` (`Name`),
  ADD KEY `CityFrom` (`CityFrom`),
  ADD KEY `CityTo` (`CityTo`);

--
-- Индексы таблицы `Users`
--
ALTER TABLE `Users`
  ADD PRIMARY KEY (`Login`);

--
-- AUTO_INCREMENT для сохранённых таблиц
--

--
-- AUTO_INCREMENT для таблицы `Cities`
--
ALTER TABLE `Cities`
  MODIFY `Id` int(11) NOT NULL AUTO_INCREMENT, AUTO_INCREMENT=11;

--
-- AUTO_INCREMENT для таблицы `Orders`
--
ALTER TABLE `Orders`
  MODIFY `Id` int(11) NOT NULL AUTO_INCREMENT, AUTO_INCREMENT=22;

--
-- AUTO_INCREMENT для таблицы `Runs`
--
ALTER TABLE `Runs`
  MODIFY `Id` int(11) NOT NULL AUTO_INCREMENT, AUTO_INCREMENT=284;

--
-- AUTO_INCREMENT для таблицы `Trains`
--
ALTER TABLE `Trains`
  MODIFY `Id` int(11) NOT NULL AUTO_INCREMENT, AUTO_INCREMENT=10;

--
-- Ограничения внешнего ключа сохраненных таблиц
--

--
-- Ограничения внешнего ключа таблицы `Orders`
--
ALTER TABLE `Orders`
  ADD CONSTRAINT `Orders_ibfk_1` FOREIGN KEY (`CityFrom`) REFERENCES `Cities` (`Id`),
  ADD CONSTRAINT `Orders_ibfk_2` FOREIGN KEY (`CityTo`) REFERENCES `Cities` (`Id`),
  ADD CONSTRAINT `Orders_ibfk_3` FOREIGN KEY (`Login`) REFERENCES `Users` (`Login`),
  ADD CONSTRAINT `Orders_ibfk_4` FOREIGN KEY (`RunId`) REFERENCES `Runs` (`Id`);

--
-- Ограничения внешнего ключа таблицы `Routes`
--
ALTER TABLE `Routes`
  ADD CONSTRAINT `Routes_ibfk_1` FOREIGN KEY (`TrainId`) REFERENCES `Trains` (`Id`),
  ADD CONSTRAINT `Routes_ibfk_2` FOREIGN KEY (`City`) REFERENCES `Cities` (`Id`);

--
-- Ограничения внешнего ключа таблицы `Runs`
--
ALTER TABLE `Runs`
  ADD CONSTRAINT `Runs_ibfk_1` FOREIGN KEY (`TrainId`) REFERENCES `Trains` (`Id`);

--
-- Ограничения внешнего ключа таблицы `Trains`
--
ALTER TABLE `Trains`
  ADD CONSTRAINT `Trains_ibfk_1` FOREIGN KEY (`CityFrom`) REFERENCES `Cities` (`Id`),
  ADD CONSTRAINT `Trains_ibfk_2` FOREIGN KEY (`CityTo`) REFERENCES `Cities` (`Id`);
COMMIT;

/*!40101 SET CHARACTER_SET_CLIENT=@OLD_CHARACTER_SET_CLIENT */;
/*!40101 SET CHARACTER_SET_RESULTS=@OLD_CHARACTER_SET_RESULTS */;
/*!40101 SET COLLATION_CONNECTION=@OLD_COLLATION_CONNECTION */;
